{
    "providers": [
        "Illuminate\\Broadcasting\\BroadcastServiceProvider",
        "Illuminate\\Bus\\BusServiceProvider",
        "Illuminate\\Cache\\CacheServiceProvider",
        "Illuminate\\Foundation\\Providers\\ConsoleSupportServiceProvider",
        "Illuminate\\Routing\\ControllerServiceProvider",
        "Illuminate\\Cookie\\CookieServiceProvider",
        "Illuminate\\Encryption\\EncryptionServiceProvider",
        "Illuminate\\Foundation\\Providers\\FoundationServiceProvider",
        "Illuminate\\Hashing\\HashServiceProvider",
        "Illuminate\\Pagination\\PaginationServiceProvider",
        "Illuminate\\Pipeline\\PipelineServiceProvider",
        "Illuminate\\Queue\\QueueServiceProvider",
        "Illuminate\\Redis\\RedisServiceProvider",
        "Illuminate\\Session\\SessionServiceProvider",
        "Illuminate\\Validation\\ValidationServiceProvider",
        "Illuminate\\View\\ViewServiceProvider",
        "October\\Rain\\Foundation\\Providers\\ArtisanServiceProvider",
        "October\\Rain\\Database\\DatabaseServiceProvider",
        "October\\Rain\\Halcyon\\HalcyonServiceProvider",
        "October\\Rain\\Filesystem\\FilesystemServiceProvider",
        "October\\Rain\\Parse\\ParseServiceProvider",
        "October\\Rain\\Html\\HtmlServiceProvider",
        "October\\Rain\\Html\\UrlServiceProvider",
        "October\\Rain\\Network\\NetworkServiceProvider",
        "October\\Rain\\Scaffold\\ScaffoldServiceProvider",
        "October\\Rain\\Flash\\FlashServiceProvider",
        "October\\Rain\\Mail\\MailServiceProvider",
        "October\\Rain\\Argon\\ArgonServiceProvider",
        "HS\\Providers\\MainSystemServiceProvider"
    ],
    "eager": [
        "Illuminate\\Routing\\ControllerServiceProvider",
        "Illuminate\\Cookie\\CookieServiceProvider",
        "Illuminate\\Encryption\\EncryptionServiceProvider",
        "Illuminate\\Foundation\\Providers\\FoundationServiceProvider",
        "Illuminate\\Pagination\\PaginationServiceProvider",
        "Illuminate\\Session\\SessionServiceProvider",
        "Illuminate\\Validation\\ValidationServiceProvider",
        "Illuminate\\View\\ViewServiceProvider",
        "October\\Rain\\Database\\DatabaseServiceProvider",
        "October\\Rain\\Halcyon\\HalcyonServiceProvider",
        "October\\Rain\\Filesystem\\FilesystemServiceProvider",
        "October\\Rain\\Html\\UrlServiceProvider",
        "October\\Rain\\Network\\NetworkServiceProvider",
        "October\\Rain\\Scaffold\\ScaffoldServiceProvider",
        "October\\Rain\\Flash\\FlashServiceProvider",
        "October\\Rain\\Argon\\ArgonServiceProvider",
        "HS\\Providers\\MainSystemServiceProvider"
    ],
    "deferred": {
        "Illuminate\\Broadcasting\\BroadcastManager": "Illuminate\\Broadcasting\\BroadcastServiceProvider",
        "Illuminate\\Contracts\\Broadcasting\\Factory": "Illuminate\\Broadcasting\\BroadcastServiceProvider",
        "Illuminate\\Contracts\\Broadcasting\\Broadcaster": "Illuminate\\Broadcasting\\BroadcastServiceProvider",
        "Illuminate\\Bus\\Dispatcher": "Illuminate\\Bus\\BusServiceProvider",
        "Illuminate\\Contracts\\Bus\\Dispatcher": "Illuminate\\Bus\\BusServiceProvider",
        "Illuminate\\Contracts\\Bus\\QueueingDispatcher": "Illuminate\\Bus\\BusServiceProvider",
        "cache": "Illuminate\\Cache\\CacheServiceProvider",
        "cache.store": "Illuminate\\Cache\\CacheServiceProvider",
        "memcached.connector": "Illuminate\\Cache\\CacheServiceProvider",
        "command.cache.clear": "Illuminate\\Cache\\CacheServiceProvider",
        "command.cache.table": "Illuminate\\Cache\\CacheServiceProvider",
        "command.auth.resets.clear": "Illuminate\\Foundation\\Providers\\ConsoleSupportServiceProvider",
        "Illuminate\\Console\\Scheduling\\ScheduleRunCommand": "Illuminate\\Foundation\\Providers\\ConsoleSupportServiceProvider",
        "migrator": "Illuminate\\Foundation\\Providers\\ConsoleSupportServiceProvider",
        "migration.repository": "Illuminate\\Foundation\\Providers\\ConsoleSupportServiceProvider",
        "command.migrate": "Illuminate\\Foundation\\Providers\\ConsoleSupportServiceProvider",
        "command.migrate.rollback": "Illuminate\\Foundation\\Providers\\ConsoleSupportServiceProvider",
        "command.migrate.reset": "Illuminate\\Foundation\\Providers\\ConsoleSupportServiceProvider",
        "command.migrate.refresh": "Illuminate\\Foundation\\Providers\\ConsoleSupportServiceProvider",
        "command.migrate.install": "Illuminate\\Foundation\\Providers\\ConsoleSupportServiceProvider",
        "command.migrate.status": "Illuminate\\Foundation\\Providers\\ConsoleSupportServiceProvider",
        "migration.creator": "Illuminate\\Foundation\\Providers\\ConsoleSupportServiceProvider",
        "command.migrate.make": "Illuminate\\Foundation\\Providers\\ConsoleSupportServiceProvider",
        "seeder": "Illuminate\\Foundation\\Providers\\ConsoleSupportServiceProvider",
        "command.seed": "Illuminate\\Foundation\\Providers\\ConsoleSupportServiceProvider",
        "command.seeder.make": "Illuminate\\Foundation\\Providers\\ConsoleSupportServiceProvider",
        "composer": "Illuminate\\Foundation\\Providers\\ConsoleSupportServiceProvider",
        "command.queue.table": "Illuminate\\Foundation\\Providers\\ConsoleSupportServiceProvider",
        "command.queue.failed": "Illuminate\\Foundation\\Providers\\ConsoleSupportServiceProvider",
        "command.queue.retry": "Illuminate\\Foundation\\Providers\\ConsoleSupportServiceProvider",
        "command.queue.forget": "Illuminate\\Foundation\\Providers\\ConsoleSupportServiceProvider",
        "command.queue.flush": "Illuminate\\Foundation\\Providers\\ConsoleSupportServiceProvider",
        "command.queue.failed-table": "Illuminate\\Foundation\\Providers\\ConsoleSupportServiceProvider",
        "command.controller.make": "Illuminate\\Foundation\\Providers\\ConsoleSupportServiceProvider",
        "command.middleware.make": "Illuminate\\Foundation\\Providers\\ConsoleSupportServiceProvider",
        "command.session.database": "Illuminate\\Foundation\\Providers\\ConsoleSupportServiceProvider",
        "hash": "Illuminate\\Hashing\\HashServiceProvider",
        "Illuminate\\Contracts\\Pipeline\\Hub": "Illuminate\\Pipeline\\PipelineServiceProvider",
        "queue": "Illuminate\\Queue\\QueueServiceProvider",
        "queue.worker": "Illuminate\\Queue\\QueueServiceProvider",
        "queue.listener": "Illuminate\\Queue\\QueueServiceProvider",
        "queue.failer": "Illuminate\\Queue\\QueueServiceProvider",
        "command.queue.work": "Illuminate\\Queue\\QueueServiceProvider",
        "command.queue.listen": "Illuminate\\Queue\\QueueServiceProvider",
        "command.queue.restart": "Illuminate\\Queue\\QueueServiceProvider",
        "command.queue.subscribe": "Illuminate\\Queue\\QueueServiceProvider",
        "queue.connection": "Illuminate\\Queue\\QueueServiceProvider",
        "redis": "Illuminate\\Redis\\RedisServiceProvider",
        "command.app.name": "October\\Rain\\Foundation\\Providers\\ArtisanServiceProvider",
        "command.clear-compiled": "October\\Rain\\Foundation\\Providers\\ArtisanServiceProvider",
        "command.command.make": "October\\Rain\\Foundation\\Providers\\ArtisanServiceProvider",
        "command.config.cache": "October\\Rain\\Foundation\\Providers\\ArtisanServiceProvider",
        "command.config.clear": "October\\Rain\\Foundation\\Providers\\ArtisanServiceProvider",
        "command.console.make": "October\\Rain\\Foundation\\Providers\\ArtisanServiceProvider",
        "command.event.generate": "October\\Rain\\Foundation\\Providers\\ArtisanServiceProvider",
        "command.event.make": "October\\Rain\\Foundation\\Providers\\ArtisanServiceProvider",
        "command.down": "October\\Rain\\Foundation\\Providers\\ArtisanServiceProvider",
        "command.environment": "October\\Rain\\Foundation\\Providers\\ArtisanServiceProvider",
        "command.handler.command": "October\\Rain\\Foundation\\Providers\\ArtisanServiceProvider",
        "command.handler.event": "October\\Rain\\Foundation\\Providers\\ArtisanServiceProvider",
        "command.job.make": "October\\Rain\\Foundation\\Providers\\ArtisanServiceProvider",
        "command.key.generate": "October\\Rain\\Foundation\\Providers\\ArtisanServiceProvider",
        "command.listener.make": "October\\Rain\\Foundation\\Providers\\ArtisanServiceProvider",
        "command.model.make": "October\\Rain\\Foundation\\Providers\\ArtisanServiceProvider",
        "command.optimize": "October\\Rain\\Foundation\\Providers\\ArtisanServiceProvider",
        "command.policy.make": "October\\Rain\\Foundation\\Providers\\ArtisanServiceProvider",
        "command.provider.make": "October\\Rain\\Foundation\\Providers\\ArtisanServiceProvider",
        "command.request.make": "October\\Rain\\Foundation\\Providers\\ArtisanServiceProvider",
        "command.route.cache": "October\\Rain\\Foundation\\Providers\\ArtisanServiceProvider",
        "command.route.clear": "October\\Rain\\Foundation\\Providers\\ArtisanServiceProvider",
        "command.route.list": "October\\Rain\\Foundation\\Providers\\ArtisanServiceProvider",
        "command.serve": "October\\Rain\\Foundation\\Providers\\ArtisanServiceProvider",
        "command.test.make": "October\\Rain\\Foundation\\Providers\\ArtisanServiceProvider",
        "command.tinker": "October\\Rain\\Foundation\\Providers\\ArtisanServiceProvider",
        "command.up": "October\\Rain\\Foundation\\Providers\\ArtisanServiceProvider",
        "command.vendor.publish": "October\\Rain\\Foundation\\Providers\\ArtisanServiceProvider",
        "command.view.clear": "October\\Rain\\Foundation\\Providers\\ArtisanServiceProvider",
        "parse.markdown": "October\\Rain\\Parse\\ParseServiceProvider",
        "parse.yaml": "October\\Rain\\Parse\\ParseServiceProvider",
        "parse.twig": "October\\Rain\\Parse\\ParseServiceProvider",
        "parse.ini": "October\\Rain\\Parse\\ParseServiceProvider",
        "html": "October\\Rain\\Html\\HtmlServiceProvider",
        "form": "October\\Rain\\Html\\HtmlServiceProvider",
        "block": "October\\Rain\\Html\\HtmlServiceProvider",
        "mailer": "October\\Rain\\Mail\\MailServiceProvider",
        "swift.mailer": "October\\Rain\\Mail\\MailServiceProvider",
        "swift.transport": "October\\Rain\\Mail\\MailServiceProvider"
    },
    "when": {
        "Illuminate\\Broadcasting\\BroadcastServiceProvider": [],
        "Illuminate\\Bus\\BusServiceProvider": [],
        "Illuminate\\Cache\\CacheServiceProvider": [],
        "Illuminate\\Foundation\\Providers\\ConsoleSupportServiceProvider": [],
        "Illuminate\\Hashing\\HashServiceProvider": [],
        "Illuminate\\Pipeline\\PipelineServiceProvider": [],
        "Illuminate\\Queue\\QueueServiceProvider": [],
        "Illuminate\\Redis\\RedisServiceProvider": [],
        "October\\Rain\\Foundation\\Providers\\ArtisanServiceProvider": [],
        "October\\Rain\\Parse\\ParseServiceProvider": [],
        "October\\Rain\\Html\\HtmlServiceProvider": [],
        "October\\Rain\\Mail\\MailServiceProvider": []
    }
}